{"cameraMode":{"drawMode":0,"name":"Shaded","section":"Shading Mode"},"sceneLighting":true,"audioPlay":false,"sceneViewState":{"m_AlwaysRefresh":false,"showFog":true,"showSkybox":true,"showFlares":true,"showImageEffects":true,"showParticleSystems":true,"showVisualEffectGraphs":true,"m_FxEnabled":true},"in2DMode":false,"pivot":{"x":0.003736138343811035,"y":2.7331655025482179,"z":2.5280001163482668},"rotation":{"x":-0.23946204781532288,"y":0.25474831461906435,"z":-0.06526079028844834,"w":-0.9346501231193543},"size":5.294568061828613,"orthographic":false}